Datetime,Water Level (m)
2025-04-03 12:00:00,-0.68017143
2025-04-03 13:00:00,-0.72993207
2025-04-03 14:00:00,-0.65198106
2025-04-03 15:00:00,-0.4525355
2025-04-03 16:00:00,-0.182902
2025-04-03 17:00:00,0.0509904
2025-04-03 18:00:00,0.17312112
2025-04-03 19:00:00,0.15176061
2025-04-03 20:00:00,0.024625894
2025-04-03 21:00:00,-0.20092328
2025-04-03 22:00:00,-0.47014073
2025-04-03 23:00:00,-0.6983433
2025-04-04 00:00:00,-0.83062965
2025-04-04 01:00:00,-0.843967
2025-04-04 02:00:00,-0.7314803
2025-04-04 03:00:00,-0.5125268
2025-04-04 04:00:00,-0.22618258
2025-04-04 05:00:00,0.06436309
2025-04-04 06:00:00,0.30188963
2025-04-04 07:00:00,0.3996957
2025-04-04 08:00:00,0.39028493
2025-04-04 09:00:00,0.2713246
2025-04-04 10:00:00,0.060429655
2025-04-04 11:00:00,-0.18279174
2025-04-04 12:00:00,-0.3979455
2025-04-04 13:00:00,-0.54141396
2025-04-04 14:00:00,-0.59422696
2025-04-04 15:00:00,-0.5443668
2025-04-04 16:00:00,-0.41799814
2025-04-04 17:00:00,-0.2570779
2025-04-04 18:00:00,-0.11048081
2025-04-04 19:00:00,-0.0233828
2025-04-04 20:00:00,-0.0069440114
2025-04-04 21:00:00,-0.070904985
2025-04-04 22:00:00,-0.20287928
2025-04-04 23:00:00,-0.37620178
2025-04-05 00:00:00,-0.54305154
2025-04-05 01:00:00,-0.65014446
2025-04-05 02:00:00,-0.66436344
2025-04-05 03:00:00,-0.59328747
2025-04-05 04:00:00,-0.4377008
2025-04-05 05:00:00,-0.23087743
2025-04-05 06:00:00,-0.004694243
2025-04-05 07:00:00,0.16082646
2025-04-05 08:00:00,0.26218987
2025-04-05 09:00:00,0.29226217
2025-04-05 10:00:00,0.24054596
2025-04-05 11:00:00,0.108222
2025-04-05 12:00:00,-0.06804928
2025-04-05 13:00:00,-0.25470686
2025-04-05 14:00:00,-0.40951633
2025-04-05 15:00:00,-0.50757784
2025-04-05 16:00:00,-0.5185747
2025-04-05 17:00:00,-0.46396258
2025-04-05 18:00:00,-0.35759538
2025-04-05 19:00:00,-0.24308354
2025-04-05 20:00:00,-0.15256606
2025-04-05 21:00:00,-0.09753782
2025-04-05 22:00:00,-0.09266202
2025-04-05 23:00:00,-0.14145032
2025-04-06 00:00:00,-0.2448612
2025-04-06 01:00:00,-0.37341043
2025-04-06 02:00:00,-0.47171414
2025-04-06 03:00:00,-0.53514
2025-04-06 04:00:00,-0.52566105
2025-04-06 05:00:00,-0.447748
2025-04-06 06:00:00,-0.3084266
2025-04-06 07:00:00,-0.14001128
2025-04-06 08:00:00,0.026863847
2025-04-06 09:00:00,0.16505024
2025-04-06 10:00:00,0.25612557
2025-04-06 11:00:00,0.24829297
2025-04-06 12:00:00,0.17433731
2025-04-06 13:00:00,0.01594154
2025-04-06 14:00:00,-0.17313361
2025-04-06 15:00:00,-0.35611978
2025-04-06 16:00:00,-0.49117678
2025-04-06 17:00:00,-0.570694
2025-04-06 18:00:00,-0.5681214
2025-04-06 19:00:00,-0.48205498
2025-04-06 20:00:00,-0.3526522
2025-04-06 21:00:00,-0.22711779
2025-04-06 22:00:00,-0.10521924
2025-04-06 23:00:00,-0.032048333
2025-04-07 00:00:00,-0.038031586
2025-04-07 01:00:00,-0.117976084
2025-04-07 02:00:00,-0.23490725
2025-04-07 03:00:00,-0.37256008
2025-04-07 04:00:00,-0.4945669
2025-04-07 05:00:00,-0.5525929
2025-04-07 06:00:00,-0.5243438
2025-04-07 07:00:00,-0.41259676
2025-04-07 08:00:00,-0.24211673
2025-04-07 09:00:00,-0.038147498
2025-04-07 10:00:00,0.14697784
2025-04-07 11:00:00,0.26575017
2025-04-07 12:00:00,0.30472493
2025-04-07 13:00:00,0.24747843
2025-04-07 14:00:00,0.07206788
2025-04-07 15:00:00,-0.15327771
2025-04-07 16:00:00,-0.3935261
2025-04-07 17:00:00,-0.5874439
2025-04-07 18:00:00,-0.6933809
2025-04-07 19:00:00,-0.69182485
2025-04-07 20:00:00,-0.558312
2025-04-07 21:00:00,-0.39770263
2025-04-07 22:00:00,-0.19928677
2025-04-07 23:00:00,-0.0065014265
2025-04-08 00:00:00,0.10612891
2025-04-08 01:00:00,0.09816758
2025-04-08 02:00:00,0.018766426
2025-04-08 03:00:00,-0.15930614
2025-04-08 04:00:00,-0.3660842
2025-04-08 05:00:00,-0.5363741
2025-04-08 06:00:00,-0.63177896
2025-04-08 07:00:00,-0.621356
2025-04-08 08:00:00,-0.49082437
2025-04-08 09:00:00,-0.27019557
2025-04-08 10:00:00,-0.022844208
2025-04-08 11:00:00,0.20096245
2025-04-08 12:00:00,0.34398353
2025-04-08 13:00:00,0.37914646
2025-04-08 14:00:00,0.26343605
2025-04-08 15:00:00,0.05379154
2025-04-08 16:00:00,-0.24202155
2025-04-08 17:00:00,-0.5027686
2025-04-08 18:00:00,-0.7248711
2025-04-08 19:00:00,-0.8024566
2025-04-08 20:00:00,-0.7238912
2025-04-08 21:00:00,-0.55623883
2025-04-08 22:00:00,-0.30311513
2025-04-08 23:00:00,-0.03252881
2025-04-09 00:00:00,0.17909195
2025-04-09 01:00:00,0.26549715
2025-04-09 02:00:00,0.24721427
2025-04-09 03:00:00,0.08767951
2025-04-09 04:00:00,-0.15890028
2025-04-09 05:00:00,-0.42047292
2025-04-09 06:00:00,-0.6232511
2025-04-09 07:00:00,-0.7143164
2025-04-09 08:00:00,-0.6674863
2025-04-09 09:00:00,-0.46607432
2025-04-09 10:00:00,-0.1989542
2025-04-09 11:00:00,0.08677697
2025-04-09 12:00:00,0.36156186
